[
    {
        "index": 0,
        "timestamp": "2025-10-22 17:31:02.721347",
        "data": {
            "name": "Genesis Block",
            "issued_by": "System",
            "genesis": true
        },
        "file_hash": "0",
        "previous_hash": "0",
        "current_hash": "e43cffea7dfd6c55f524201fc6af451386c3ea5c703f480d6af0195b7446fd37"
    },
    {
        "index": 0,
        "timestamp": "2025-10-22 17:31:02.867434",
        "data": {
            "name": "Genesis Block",
            "issued_by": "System",
            "genesis": true
        },
        "file_hash": "0",
        "previous_hash": "0",
        "current_hash": "25ff5f4c276e561340da95b0543977400f1a098ef64552d4501c065ddc68484c"
    }
]